move_number,ai_wins,best_utc,node_sim_count,rollout_count,node_count
1,28,0.8933452283419917,36,209,24235
3,43,0.9942947851340078,48,176,20838
5,49,1.0006843769218445,54,185,23891
