move_number,ai_wins,best_utc,node_sim_count,rollout_count,node_count
1,19,0.8372091034786125,27,210,22884
3,18,0.9656126244657648,22,203,21308
